{"cameraMode":{"drawMode":0,"name":"Shaded","section":"Shading Mode"},"sceneLighting":true,"audioPlay":false,"sceneViewState":{"showFog":true,"showMaterialUpdate":true,"showSkybox":true,"showFlares":true,"showImageEffects":true,"showParticleSystems":true},"in2DMode":false,"pivot":{"x":1.4521484375,"y":1.4705810546875,"z":4.8134765625},"rotation":{"x":-0.032475102692842486,"y":0.8525407910346985,"z":-0.053238872438669208,"w":-0.5190445780754089},"size":5.4813642501831059,"orthographic":true}